{"cameraMode":{"drawMode":0,"name":"Shaded","section":"Shading Mode"},"sceneLighting":true,"audioPlay":false,"sceneViewState":{"m_AlwaysRefresh":false,"showFog":true,"showSkybox":true,"showFlares":true,"showImageEffects":true,"showParticleSystems":true,"showVisualEffectGraphs":true,"m_FxEnabled":true},"in2DMode":false,"pivot":{"x":0.04649543762207031,"y":1.1293240785598755,"z":-0.11162710189819336},"rotation":{"x":-0.08620715886354447,"y":-0.12489970028400421,"z":0.010890512727200985,"w":-0.9883763790130615},"size":5.17517614364624,"orthographic":true}