{"cameraMode":{"drawMode":0,"name":"Shaded","section":"Shading Mode"},"sceneLighting":true,"audioPlay":false,"sceneViewState":{"m_AlwaysRefresh":false,"showFog":true,"showSkybox":true,"showFlares":true,"showImageEffects":true,"showParticleSystems":true,"showVisualEffectGraphs":true,"m_FxEnabled":true},"in2DMode":false,"pivot":{"x":-0.3051798939704895,"y":1.1293240785598755,"z":2.7169222831726076},"rotation":{"x":-0.024223636835813524,"y":0.9496282339096069,"z":-0.07407235354185105,"w":-0.3039444386959076},"size":1.0033711194992066,"orthographic":true}