{"cameraMode":{"drawMode":0,"name":"Shaded","section":"Shading Mode"},"sceneLighting":true,"audioPlay":false,"sceneViewState":{"m_AlwaysRefresh":false,"showFog":true,"showSkybox":true,"showFlares":true,"showImageEffects":true,"showParticleSystems":true,"showVisualEffectGraphs":true,"m_FxEnabled":true},"in2DMode":false,"pivot":{"x":0.008194446563720703,"y":1.5093239545822144,"z":-0.058031320571899417},"rotation":{"x":-0.44586801528930666,"y":0.551286518573761,"z":-0.45917269587516787,"w":-0.5352838039398193},"size":2.8968169689178469,"orthographic":true}