{"cameraMode":{"drawMode":0,"name":"Shaded","section":"Shading Mode"},"sceneLighting":true,"audioPlay":false,"sceneViewState":{"m_AlwaysRefresh":false,"showFog":true,"showSkybox":true,"showFlares":true,"showImageEffects":true,"showParticleSystems":true,"showVisualEffectGraphs":true,"m_FxEnabled":true},"in2DMode":false,"pivot":{"x":-0.3051798939704895,"y":1.1293240785598755,"z":2.7169222831726076},"rotation":{"x":0.20220652222633363,"y":0.5248889327049255,"z":-0.13046805560588838,"w":0.8165812492370606},"size":3.9935619831085207,"orthographic":true}